{
  "epoch": 150,
  "train": {
    "loss": 0.27352973461151125,
    "mask": 0.023700922694057228,
    "count": 0.1278267358839512,
    "pair": 0.047501603536307814,
    "proj_mask": 0.0010847761498298497,
    "type": 0.02217324898391962,
    "atom_to_vac_type": 0.003957588371122256,
    "vac_to_atom_type": 0.0037373410924337806,
    "tau": -1.7281841459274292,
    "tau_post": 3551.022712524414,
    "tau_prior": -1.7281841459274292,
    "realized_tau": -0.06390873396396637,
    "realized_tau_post": 0.22188628366589547,
    "realized_tau_prior": -0.06390873396396637,
    "tau_post_scale": 0.0,
    "reward": 0.04144942116737366,
    "latent": 0.006990884736180305,
    "proj": 0.008809652760624885,
    "path": 2.307671794891357,
    "prior_edit": 0.06401539731025696,
    "prior_latent": 0.007499819114804268,
    "mask_aux_scale": 0.0999999999999999
  },
  "val": {
    "reward_mae": 1.0727614462497876,
    "reward_rmse": 1.4857094761858138,
    "reward_corr": 0.1946337593807468,
    "tau_log_mae": 0.09134377655863624,
    "tau_log_rmse": 0.1844231086664247,
    "tau_log_corr": 0.9874395540988004,
    "tau_scale_ratio": 0.9729425455138463,
    "realized_tau_available": 1.0,
    "realized_tau_mae": 0.055644681493016795,
    "realized_tau_rmse": 0.07411213085232737,
    "realized_tau_corr": 0.39439956560903633,
    "realized_tau_log_mae": 0.4699959796902526,
    "realized_tau_log_rmse": 0.5924487538989022,
    "realized_tau_log_corr": 0.8759013177223436,
    "realized_tau_scale_ratio": 1.1910699408659886,
    "realized_tau_nll": -1.4200398447778158,
    "realized_tau_coverage_68": 0.5925,
    "realized_tau_coverage_95": 0.8825,
    "realized_tau_pit_mean": 0.5195681115560759,
    "realized_tau_pit_var": 0.1025569811798205,
    "realized_tau_pit_ks": 0.09824745538995017,
    "realized_tau_mean_log_sigma": -0.7378693257272243,
    "change_f1": 0.9798070140182972,
    "change_topk_f1": 0.9622499999999999,
    "changed_type_acc": 0.9933737883201013,
    "projected_change_f1": 0.9251470057720057,
    "projected_changed_type_acc": 0.9229246836442214,
    "unchanged_copy_acc": 0.9986462959876428,
    "unchanged_atom_copy_acc": 0.9987871738580557,
    "unchanged_vacancy_copy_acc": 0.9946031799683204,
    "raw_vac_to_fe_count": 3.205,
    "raw_fe_to_vac_count": 3.2375,
    "raw_vac_to_cu_count": 0.4475,
    "raw_cu_to_vac_count": 0.5625,
    "raw_matched_pair_count": 3.52,
    "latent_l1": 0.006047530995252041,
    "projected_global_l1": 0.004640106881897037,
    "reachability_violation_rate": 0.0,
    "mean_vacancy_transport_cost": 3.9525
  },
  "dataset": {
    "train": {
      "attempts": 2012,
      "skipped_uncovered": 0,
      "skipped_terminal": 1,
      "skipped_noop": 11,
      "candidate_size_sum": 384000.0,
      "coverage": 0.9940357852882704,
      "avg_candidate_size": 192.0
    },
    "val": {
      "attempts": 401,
      "skipped_uncovered": 0,
      "skipped_terminal": 0,
      "skipped_noop": 1,
      "candidate_size_sum": 76800.0,
      "coverage": 0.9975062344139651,
      "avg_candidate_size": 192.0
    }
  },
  "selection_score": 1.262691394030535
}