{
  "mode": "teacher_forced_contiguous_long_trajectory",
  "checkpoint": "results/kmc_teacher_dreamer_macro_wm/final_model.pt",
  "segment_k": 4,
  "requested_rollout_segments": 5,
  "completed_rollout_segments": 5,
  "teacher_source": "traditional_kmc_online_long_trajectory",
  "time_heads": {
    "expected_tau_head": true,
    "realized_tau_head_loaded": false
  },
  "reward_sum": {
    "mae": 0.9803914747666568,
    "rmse": 1.167925714871795,
    "corr": -0.38617058748213406
  },
  "tau_expected": {
    "mae": 1.9097277566329686e-05,
    "rmse": 2.190557040626611e-05,
    "corr": 0.9983824504634279,
    "log_mae": 0.07457476961007306,
    "log_rmse": 0.07850667481137308,
    "log_corr": 0.995639959096213,
    "scale_ratio": 1.061980515483398
  },
  "tau_realized_reference": {
    "mae": 0.00013397590263801846,
    "rmse": 0.0001750118640802092,
    "corr": 0.4786376749362409,
    "log_mae": 0.7050554635018754,
    "log_rmse": 0.7968520313433495,
    "log_corr": 0.6685745803853963,
    "scale_ratio": 2.163566884366527
  },
  "cumulative": {
    "predicted_reward_sum_final": 7.229111075401306,
    "traditional_kmc_reward_sum_final": 3.199980001663789,
    "predicted_delta_e_final": 0.7229111075401307,
    "traditional_kmc_delta_e_final": 0.3199980001663789,
    "predicted_expected_time_final": 0.0012802048586308956,
    "traditional_kmc_expected_time_final": 0.0011942493731710228,
    "traditional_kmc_realized_time_final": 0.0006103253454408033,
    "delta_e_ratio": 2.2591113293341274,
    "expected_time_ratio": 1.0719744865610774,
    "cumulative_delta_e_mae": 0.22441029204986992
  },
  "arrays": {
    "predicted_delta_e_cumsum": [
      0.17103005647659303,
      0.31173927783966066,
      0.4473867416381836,
      0.5889772772789001,
      0.7229111075401307
    ],
    "traditional_kmc_delta_e_cumsum": [
      0.0,
      0.1599990000249818,
      0.3199980001663789,
      0.3199980001663789,
      0.3199980001663789
    ],
    "predicted_expected_tau_cumsum": [
      0.00011854303011205047,
      0.00028389036015141755,
      0.0004983627586625516,
      0.00080060277832672,
      0.0012802048586308956
    ],
    "traditional_kmc_expected_tau_cumsum": [
      0.00012330848129793822,
      0.0002725699407820039,
      0.0004750878722588214,
      0.0007482753081223852,
      0.0011942493731710228
    ],
    "traditional_kmc_realized_tau_cumsum": [
      7.037658339154902e-05,
      0.00013730373562313166,
      0.00032652945341465943,
      0.00047051204914317095,
      0.0006103253454408033
    ]
  },
  "segment_preview": [
    {
      "index": 0,
      "segment_k": 4,
      "predicted_reward_sum": 1.7103005647659302,
      "traditional_kmc_reward_sum": 0.0,
      "predicted_expected_tau": 0.00011854303011205047,
      "traditional_kmc_expected_tau": 0.00012330848129793822,
      "predicted_realized_tau": 0.00011854303011205047,
      "traditional_kmc_realized_tau": 7.037658339154902e-05
    },
    {
      "index": 1,
      "segment_k": 4,
      "predicted_reward_sum": 1.4070922136306763,
      "traditional_kmc_reward_sum": 1.599990000249818,
      "predicted_expected_tau": 0.00016534733003936708,
      "traditional_kmc_expected_tau": 0.00014926145948406568,
      "predicted_realized_tau": 0.00016534733003936708,
      "traditional_kmc_realized_tau": 6.692715223158264e-05
    },
    {
      "index": 2,
      "segment_k": 4,
      "predicted_reward_sum": 1.3564746379852295,
      "traditional_kmc_reward_sum": 1.5999900014139712,
      "predicted_expected_tau": 0.0002144723985111341,
      "traditional_kmc_expected_tau": 0.00020251793147681746,
      "predicted_realized_tau": 0.0002144723985111341,
      "traditional_kmc_realized_tau": 0.00018922571779152777
    },
    {
      "index": 3,
      "segment_k": 4,
      "predicted_reward_sum": 1.4159053564071655,
      "traditional_kmc_reward_sum": 0.0,
      "predicted_expected_tau": 0.00030224001966416836,
      "traditional_kmc_expected_tau": 0.0002731874358635638,
      "predicted_realized_tau": 0.00030224001966416836,
      "traditional_kmc_realized_tau": 0.0001439825957285115
    },
    {
      "index": 4,
      "segment_k": 4,
      "predicted_reward_sum": 1.3393383026123047,
      "traditional_kmc_reward_sum": 0.0,
      "predicted_expected_tau": 0.0004796020803041756,
      "traditional_kmc_expected_tau": 0.0004459740650486375,
      "predicted_realized_tau": 0.0004796020803041756,
      "traditional_kmc_realized_tau": 0.00013981329629763237
    }
  ],
  "segments": [
    {
      "index": 0,
      "segment_k": 4,
      "predicted_reward_sum": 1.7103005647659302,
      "traditional_kmc_reward_sum": 0.0,
      "predicted_expected_tau": 0.00011854303011205047,
      "traditional_kmc_expected_tau": 0.00012330848129793822,
      "predicted_realized_tau": 0.00011854303011205047,
      "traditional_kmc_realized_tau": 7.037658339154902e-05
    },
    {
      "index": 1,
      "segment_k": 4,
      "predicted_reward_sum": 1.4070922136306763,
      "traditional_kmc_reward_sum": 1.599990000249818,
      "predicted_expected_tau": 0.00016534733003936708,
      "traditional_kmc_expected_tau": 0.00014926145948406568,
      "predicted_realized_tau": 0.00016534733003936708,
      "traditional_kmc_realized_tau": 6.692715223158264e-05
    },
    {
      "index": 2,
      "segment_k": 4,
      "predicted_reward_sum": 1.3564746379852295,
      "traditional_kmc_reward_sum": 1.5999900014139712,
      "predicted_expected_tau": 0.0002144723985111341,
      "traditional_kmc_expected_tau": 0.00020251793147681746,
      "predicted_realized_tau": 0.0002144723985111341,
      "traditional_kmc_realized_tau": 0.00018922571779152777
    },
    {
      "index": 3,
      "segment_k": 4,
      "predicted_reward_sum": 1.4159053564071655,
      "traditional_kmc_reward_sum": 0.0,
      "predicted_expected_tau": 0.00030224001966416836,
      "traditional_kmc_expected_tau": 0.0002731874358635638,
      "predicted_realized_tau": 0.00030224001966416836,
      "traditional_kmc_realized_tau": 0.0001439825957285115
    },
    {
      "index": 4,
      "segment_k": 4,
      "predicted_reward_sum": 1.3393383026123047,
      "traditional_kmc_reward_sum": 0.0,
      "predicted_expected_tau": 0.0004796020803041756,
      "traditional_kmc_expected_tau": 0.0004459740650486375,
      "predicted_realized_tau": 0.0004796020803041756,
      "traditional_kmc_realized_tau": 0.00013981329629763237
    }
  ]
}