{
  "epoch": 120,
  "train": {
    "loss": 2.6673469791412354,
    "mask": 1.8064736223220825,
    "count": 2.8897859191894533,
    "pair": 0.9203728618621826,
    "proj_mask": 0.6402547726631165,
    "type": 0.766547194480896,
    "atom_to_vac_type": 0.10598408615589142,
    "vac_to_atom_type": 0.33638055562973024,
    "tau": -1.153072274684906,
    "tau_post": 418.42016208291057,
    "tau_prior": -1.153072274684906,
    "realized_tau": 0.29293558359146116,
    "realized_tau_post": 19.537372604370116,
    "realized_tau_prior": 0.29293558359146116,
    "tau_post_scale": 0.0,
    "reward": 0.06054100489616394,
    "latent": 0.008311736341565847,
    "proj": 0.011330098174512386,
    "path": 2.1650185375213624,
    "prior_edit": 2.7989489059448243,
    "prior_latent": 0.009467861607670785,
    "mask_aux_scale": 0.0999999999999999
  },
  "val": {
    "reward_mae": 1.0535602410878346,
    "reward_rmse": 1.434948849813387,
    "reward_corr": 0.3774529544765937,
    "tau_log_mae": 0.3336105979668749,
    "tau_log_rmse": 0.7209583806811738,
    "tau_log_corr": 0.9637686637472053,
    "tau_scale_ratio": 1.001683622511795,
    "realized_tau_available": 1.0,
    "realized_tau_mae": 0.021962128377508893,
    "realized_tau_rmse": 0.0464006637545432,
    "realized_tau_corr": 0.8144006331587563,
    "realized_tau_log_mae": 0.7142262234503757,
    "realized_tau_log_rmse": 0.9633337312142912,
    "realized_tau_log_corr": 0.9375630365172604,
    "realized_tau_scale_ratio": 1.7754395925256654,
    "realized_tau_nll": -4.558777861893839,
    "realized_tau_coverage_68": 0.7225,
    "realized_tau_coverage_95": 0.9525,
    "realized_tau_pit_mean": 0.4032533649334571,
    "realized_tau_pit_var": 0.06665305986784753,
    "realized_tau_pit_ks": 0.20674325319341236,
    "realized_tau_mean_log_sigma": -0.11216401576995849,
    "change_f1": 0.5186330154538155,
    "change_topk_f1": 0.4942410714285714,
    "changed_type_acc": 0.9465349775094253,
    "projected_change_f1": 0.35374702380952383,
    "projected_changed_type_acc": 0.3535497509516202,
    "unchanged_copy_acc": 0.5125253704878,
    "unchanged_atom_copy_acc": 0.5214746067157159,
    "unchanged_vacancy_copy_acc": 0.2635413729227506,
    "raw_vac_to_fe_count": 5.87,
    "raw_fe_to_vac_count": 56.9475,
    "raw_vac_to_cu_count": 0.825,
    "raw_cu_to_vac_count": 2.225,
    "raw_matched_pair_count": 6.695,
    "latent_l1": 0.005162233128570593,
    "projected_global_l1": 0.0042605462949723005,
    "reachability_violation_rate": 0.0,
    "mean_vacancy_transport_cost": 4.705
  },
  "dataset": {
    "train": {
      "attempts": 17455,
      "skipped_uncovered": 15348,
      "skipped_terminal": 18,
      "skipped_noop": 89,
      "candidate_size_sum": 256000.0,
      "coverage": 0.11458034947006589,
      "avg_candidate_size": 128.0
    },
    "val": {
      "attempts": 3396,
      "skipped_uncovered": 2971,
      "skipped_terminal": 4,
      "skipped_noop": 21,
      "candidate_size_sum": 51200.0,
      "coverage": 0.11778563015312132,
      "avg_candidate_size": 128.0
    }
  },
  "selection_score": 3.5741343069234115
}